orderNumber,orderDate,requiredDate,shippedDate,status,comments,customerNumber
2850,2014-02-08,1984-07-10,2009-12-30,Pending,"Own among if understand boy same. Station go style use. Spend word everybody.
Pull left small training center way.
Measure control else usually bring term time.",2973
8112,1996-11-12,1980-07-26,2018-05-10,Cancelled,"Subject film letter moment common. Industry them image sing position vote. Technology order bill system.
Pressure often western enough central. Term do ever machine. No whose person rule.",5956
4631,2015-11-16,1988-10-05,2015-02-20,Shipped,System plant note attention direction particular. Our a clearly pass clear. But once save coach seek.,3170
5337,1984-12-10,2023-06-18,1998-05-04,Cancelled,"Sign center factor while. Whatever agent yeah newspaper.
Society hold federal important. Choice southern money food responsibility film.
White ok program happen plan. Support culture face father.",7500
7037,2024-06-29,1984-05-30,1998-06-15,Pending,Away dinner husband then family take. Cut professional near positive specific anyone than. Someone all impact important difference low.,5070
8350,1995-01-06,2006-08-02,2000-02-06,Cancelled,"Majority manage cold money prove change report ground. Know few room more.
Institution surface he field.
Phone goal matter partner compare form appear. Nearly material remain where beat forward.",2164
2950,1986-12-26,2022-04-30,1982-10-27,Cancelled,"Scene law no or within officer. Business house those mention.
Bag example spend stock contain. Activity almost surface executive cut easy team.",8212
5087,1987-04-05,1980-01-18,1978-09-04,Shipped,Become hot customer mission stop. Movement mouth visit cell least.,6009
1867,1994-09-05,2005-12-25,1974-05-13,Shipped,Bring learn meet value nature difficult boy. Be white color anything somebody government. Process pick president sell.,6009
8491,2007-06-13,2017-10-30,2002-07-23,Pending,"Mission boy policy than. Sister example collection land real protect. Language similar he.
Price federal run. Republican scientist carry wall serious business would.
And sell toward.",3584
7795,1996-04-20,1979-10-20,2013-12-19,Shipped,Hard nothing individual size change history tell billion. Around real network despite small painting simple. Class marriage prove heavy.,8576
3608,1994-06-27,1983-08-09,1995-01-01,Shipped,Wish traditional short long security. My form remain lead base born wide probably.,8708
7016,1997-09-24,1999-06-15,1989-12-07,Pending,"Agree try quite peace. Mother service describe.
Hot everyone money decade window research week. Smile hospital up. Answer minute today.",3791
4983,1979-11-25,1984-12-20,2019-05-09,Cancelled,Agency else report read. Itself across under politics quickly determine. Memory while which. Water west cell article.,4056
6204,1988-04-18,2020-08-07,2024-06-25,Shipped,"Write add increase call structure perform. Speak happen probably style. Hard material special adult tough.
Society key federal believe call until. Find no rise eye reach her.",7697
1252,1991-10-03,1978-06-28,2011-03-30,Cancelled,Drug successful maybe must democratic. Collection feel weight TV western training model.,4910
7370,2015-04-20,1998-01-22,1974-12-20,Cancelled,Finally suggest four past give plant here. Nearly north event enjoy open. Thousand scientist accept.,1425
1135,2010-03-17,2016-07-08,1994-03-30,Pending,"Whom billion develop however meeting bed nor. Beat notice economy image.
Audience form civil billion. Save leg outside deep management full.
Bar huge skin painting special. Can often become.",6826
3720,1996-09-24,1983-10-31,1987-03-11,Pending,"Agency pattern laugh around. Other see I yet word. Different mention rise director sign feel.
Painting method education to less. He just medical cultural threat role a.",3386
5102,1981-10-18,1999-03-26,2020-02-12,Cancelled,"Expect least eat stuff likely card become. Focus society on simply treatment.
Respond end require painting call identify and.
Hot explain experience wrong else green person.",6501
2973,2005-12-30,2017-07-14,1986-05-03,Cancelled,"Check set knowledge agreement. Themselves yes place dinner. Surface rest decade win.
Current this stop court strategy fund same seven.",5768
9844,1997-05-22,1995-01-24,2010-08-29,Pending,Provide table course serious. There staff of gas. Then time choose program everything car.,4481
8534,2010-12-06,1971-02-01,1995-04-22,Shipped,"His environmental woman. Throughout citizen design cause.
Building international ability lawyer. Organization suffer bad piece politics campaign surface.",1425
9651,2012-07-16,2012-06-24,1993-08-21,Cancelled,Poor across character star act read. Television better more upon Mrs employee. Professor owner life the reduce fear organization marriage.,2453
2951,1977-06-19,2007-05-24,2013-12-10,Pending,"Record woman clear. Early western away Mrs financial. Affect bag TV president.
Five carry hope writer myself when also. Defense school we economic mention.
Notice ready senior travel.",6831
9495,2022-05-14,1975-07-07,1977-03-04,Pending,"Add others dream season hour.
Know kid three. Song enjoy worry such.
Instead must per foot care necessary cold. Tree issue argue around also. Discussion sometimes city court.",5193
4299,1991-08-05,1989-02-02,1970-03-14,Shipped,"Bring of early. Arm whose time some.
Middle send when unit though without decade. Few window prepare how available.",2879
5688,2022-05-31,1989-05-09,2007-10-31,Shipped,"Management fly church hold common on. After national ok help budget. When loss any treat born.
Article plant air seven expect. By make however machine since there drop impact.",3386
9720,2012-04-23,1997-06-18,1992-07-16,Shipped,"Always whether choose organization wish stand kitchen.
Right establish listen bad traditional themselves worry. Big center easy. Loss around nice manager conference yes.",1425
3062,1988-04-08,1980-10-19,1996-03-13,Shipped,Show standard never around run artist arrive. None student all account kid. Ask his deep wife above policy. Office board different room with south.,6410
3166,1971-02-04,2020-10-01,2020-08-30,Shipped,"Policy bank set coach audience investment.
Learn yet under picture go south describe clearly. Again interesting phone blue direction best.",3826
6682,2014-06-23,1985-06-14,1990-06-23,Pending,"Want five lay style strategy soldier. Film campaign wrong cultural tend second.
Actually mission surface PM somebody. Use movement seven commercial meet product.",9094
5387,1979-09-07,2011-02-04,2015-03-09,Pending,"Country exist give trouble career shoulder believe. Fight culture generation part recognize meet.
Itself reflect bring job simply allow name. Character be heavy.",7500
6413,2019-04-25,2001-09-22,1971-03-06,Cancelled,"Decide leader industry rest who everybody before. Hope indicate same with sound.
Various condition treatment enjoy discuss include. Send could young hot face rise difficult.",5900
9004,1998-05-30,1974-06-23,2001-07-19,Shipped,Media key as your including. Week international fill key. Charge ask point.,5070
1394,1973-10-31,1992-08-02,1986-01-02,Pending,"On technology history across series couple.
Theory choose especially chair cost news yard.
Special form man by but institution. Again along property. Lot much really.",3119
9562,1994-12-08,2021-06-29,1985-06-20,Pending,"Executive movie in difference thus up region. Stage at culture argue debate. Red outside debate put.
Stay course produce quite. Very author street rather.
Compare cause scene scene.",3170
9016,2014-03-14,1988-07-19,1991-11-07,Shipped,Some plan science address. Put training forward college century maybe beyond suddenly.,5102
4931,2003-11-06,2018-07-31,2021-03-14,Shipped,Hit us so go available green. Realize tree traditional activity clear each personal second. Table exactly task point.,3791
2529,2019-08-16,2007-06-25,1974-09-04,Cancelled,"But might every vote until. Despite court interest father training. Pretty teach building.
Network audience want read. Require old hair level five. Method imagine image south professional.",9887
7939,2001-12-08,1970-08-21,1985-08-13,Pending,"Whether visit lose wonder radio American. Guy scene official left newspaper floor seek.
Organization see last bit. Which Republican leader.",5440
3084,2014-08-23,2010-12-27,2024-04-10,Pending,Scene form example central above carry person. Present true role. Whatever various reveal paper movie.,2545
7557,2011-11-20,2021-04-29,1988-02-07,Pending,"Oil member paper rich agency look. Last page sometimes live. Benefit perform film likely particularly ahead.
Industry though talk first tonight. Until true he purpose family present.",5440
5354,1979-12-11,1974-03-15,1996-03-20,Cancelled,"Machine friend town popular red will. Hot result lawyer.
Likely time name fine catch back people. Point enter enter kid both popular plant.
Energy despite claim tree on. Time defense bed idea alone.",1336
2228,1978-08-23,1999-05-22,1991-09-08,Pending,"Watch factor manage job above religious need. Provide technology step prepare clearly mean. Mind computer try enter fear student.
Hear large speak break sound. Do hand travel.",3242
6129,2007-07-22,1971-02-01,1995-09-16,Shipped,Usually environmental recognize last population poor. Discussion by agreement glass entire wish if.,4047
4496,2022-09-23,2003-06-27,1996-03-09,Cancelled,"Quite month place executive view inside he. Name poor common music political wear.
Woman ground news Republican past business authority. Data necessary region.",8576
7006,2024-05-20,2007-09-29,2009-01-12,Pending,Special court seat admit movie computer huge. Poor sound leave music head side. Charge financial magazine sea part factor.,3181
2398,1979-03-09,2010-03-14,1988-03-02,Pending,"Look give research must organization bill. Boy power all house worker. Analysis affect floor throughout.
Might fly word story war chair. By poor condition pass western. National more she.",3103
2725,1987-09-28,1989-05-18,1997-07-24,Pending,"Place point officer put. Stand rule old. Be magazine option thought technology.
Toward party challenge owner. Green half commercial build his. Room support writer scene end.",4056
4105,1992-04-06,2010-02-24,1980-01-21,Pending,Artist against product base former tonight water. Rich decade enough pass.,6146
2888,2015-03-29,2009-02-10,1975-02-28,Shipped,"Buy any note when nearly air lead top. Realize cover so interview many across.
Sport per already season sister alone hundred. Training lay fast security deep yet. Bring maybe whose yeah.",5379
8923,2001-08-07,1975-09-21,2007-12-22,Cancelled,"Civil law word Mrs crime as. Southern purpose mission. Stage position treatment material father.
Good hit activity more TV they contain ability. Interview car green speak employee.",1219
8790,1979-04-04,1988-04-22,2013-07-12,Shipped,Training total goal drug country hope. Anything court shake environmental million stay increase. Air foreign card staff. All top study top business including send far.,9321
9756,2010-05-03,1981-07-06,2003-02-03,Pending,"Throw off build detail. Good effort identify send or. Account forward another guy.
Realize glass occur. Everything campaign character four. Get require change continue same executive whom.",7500
2287,2016-03-17,1973-07-16,2012-01-08,Pending,Wish hard shoulder push image. How drug issue story cell today realize power. The blue describe early different process shake. Foreign career former not identify recognize.,3826
9983,1978-03-01,1985-09-16,2011-02-06,Pending,Reveal information line team line respond. Gas boy beat within weight hope condition nice.,4326
9576,1988-03-29,2013-01-25,1986-09-21,Shipped,"Which itself change simple compare own. Simple mission you easy time. Street south I.
Simple expert term. Spend including listen school scientist try.",9321
9666,2008-08-13,1999-02-24,1981-08-27,Pending,"Great hit young draw they book. Adult affect including head civil rock.
Offer economic prove general. Change skin major pretty. Draw those loss car during reason.",4418
7142,2012-06-05,1988-03-02,1990-03-21,Cancelled,"Election into several change. Force couple onto when recognize once. Economic office difficult room cover should.
Nature begin keep high threat southern. Song magazine power understand.",8053
1263,1991-08-24,1986-05-17,2004-11-02,Shipped,"Main your those hot I end. Support along special issue ok.
Professor important tree open improve lead. Mean back relationship adult.",1685
5168,1999-08-15,2015-08-06,2001-09-06,Cancelled,Concern possible across recently job run world water. People say compare by. Again whole once century wish soldier reveal rule.,1425
8132,2006-10-20,1979-12-20,1990-10-16,Shipped,"Life quickly girl story money.
Other simple activity teach any her. Live seat brother trip group term there.
Kid take letter blood. Authority see those adult guy over.",6146
7340,1997-08-31,1976-10-21,2006-09-11,Cancelled,Everyone mention write instead story day. Doctor majority main thus. Bit responsibility relationship data dream current. Likely necessary herself five.,7402
4298,2000-09-27,2006-11-14,1979-02-09,Shipped,Economy evidence require writer continue high. Baby consumer him really west best.,8998
9124,1979-10-13,1986-05-17,1979-08-09,Cancelled,Building drive region attention war beautiful would. Building military less spend. Crime skill want.,3119
5628,1987-07-08,1979-11-12,1982-03-20,Pending,"Leg rest sell dark. Camera whom by Republican number. Table month free increase.
Air with yes view show talk upon hundred. Thank do strategy. Film myself notice type what.",4478
3945,2016-06-30,1985-02-18,2003-12-13,Cancelled,"Six husband type lose become scene task near. Race close rate position remember indicate.
Consider weight arm executive cause author story. Television walk agree take customer federal develop.",2013
4025,2015-02-14,1994-03-10,1996-06-11,Cancelled,"Summer green religious such. Close return yard.
Wait shake however nor sign modern or.
Which serious language last together drug. Bag market information sea. Performance notice entire course say.",6428
5154,2006-05-03,1986-09-28,2021-03-01,Pending,Organization evidence health create. Peace those enjoy seek pull network. Actually significant movie common material wall visit.,4056
8220,2022-07-26,2000-04-07,1998-09-25,Shipped,"Information technology none. Baby short top street.
Computer friend draw should method bank. Hotel section everything local board detail.
Grow sit per bring edge reason. Could PM organization detail.",4047
2118,2004-09-03,1991-09-11,2023-01-03,Shipped,"Soldier recognize trade look gun.
Speak exist bed box institution tend future. Great often easy behind would these fire tree. Letter work conference admit military growth leg.",3692
4296,2004-08-31,1995-09-24,1988-07-09,Shipped,Serve great call whom gun. Among anyone staff work free above law.,3363
4532,2000-12-24,2018-10-04,2016-04-16,Cancelled,"Front investment less their group morning. Sit mouth act represent official. Spend statement total have rise.
Stuff international seven put reduce mission certain.",8708
9243,2013-04-20,1974-07-05,1985-04-02,Pending,"Great eye word woman line present help. World everything all.
Rule find first cultural. Answer side factor edge season. Stage draw never walk tough.
Themselves church set five unit nearly try.",1425
8602,1986-04-13,1970-03-11,1985-08-16,Pending,"Her bag staff manage result teacher major meet. Entire create good clearly whatever pressure.
Argue accept yourself weight. For someone about too deal weight way away.",3363
5333,1973-07-06,2007-09-11,1972-04-03,Cancelled,Natural provide without particular dinner brother class side. Policy home guess this former science. Force require discover color firm process garden form.,1736
3757,2003-08-10,2010-07-12,1993-03-23,Shipped,Treat inside friend situation right hot. Fight general evidence why inside. Ten case agreement our story.,2164
5736,1970-02-23,1980-04-25,1979-07-18,Shipped,"Special past beat share value mean. Eye quite apply loss training color.
Light between PM board serious. Something fight for his activity evidence. Wife message bad foreign defense site.",7470
8978,2016-01-08,1981-07-22,1974-01-31,Shipped,"End face black new.
Commercial near pressure tend doctor fear behavior. Pull window many mother.",3170
9984,1999-12-18,1988-11-11,2004-09-25,Pending,"Movement none must seem him ok. Upon let must. He simple name suggest.
Alone civil unit arm put. Father house than plant growth head or.",6410
8942,2011-06-27,1975-08-11,1991-07-07,Shipped,General near Republican learn less save able hope. Piece music fire religious black table. Four health care have whom third.,3181
1684,1988-10-30,2011-08-20,1987-07-07,Pending,"Eat challenge ground body team benefit add. There official direction area.
Thousand commercial fine past now. Small light expect.",3181
1118,1988-10-26,1977-03-06,1971-09-23,Cancelled,"Leader approach treatment reach common along use particular. Office law life care see sell.
Red travel production line improve myself. Yet indeed picture cut piece understand.",8204
4185,2024-08-27,2009-10-05,1981-03-17,Shipped,Second five eight interesting ok offer step. Shoulder dog agency fish stock country step study. Quality hot example against structure describe admit together.,6146
1970,1992-07-29,1972-07-26,2004-08-28,Cancelled,"Condition out practice of where. Still Democrat Mr federal carry owner.
Box likely collection suddenly paper. Discover far oil war specific. Line room have specific add add.",8708
9638,1980-01-04,1997-04-12,1986-09-04,Shipped,Record take respond race statement compare. Specific management wrong beautiful what pattern opportunity.,9675
8797,1974-05-25,1981-01-28,2018-03-10,Shipped,"Likely technology themselves white decision eat. Deep themselves food religious card may stand.
Improve can strong service front point. Author ever paper.",1736
9296,1992-08-27,2011-06-27,1985-01-14,Shipped,"Show foreign east woman hard yard threat what. Again environment trial hand.
Buy front late upon church work. Trip force citizen where list management eight yet.",2056
5952,1983-01-01,2023-08-23,2016-10-31,Cancelled,Rate upon crime avoid once much. Southern one nor debate thus successful enjoy. Often try contain before responsibility.,1333
4167,2000-07-06,2021-04-06,2022-08-02,Cancelled,"Pretty campaign claim security name term white. Foreign fund lose employee despite against present her. Which become debate piece firm.
Sell line show toward.",3242
4635,2001-01-11,2012-09-28,2013-10-17,Pending,Day show never. Magazine continue decade today fire close standard reach. Teacher should south now music attorney last need.,4478
3450,2021-07-05,1992-03-18,2005-12-09,Pending,"Amount grow including pressure if build challenge accept. Economy huge truth firm hear team.
Exist film nearly simple sister own character. School might people. Three ever professor career.",6275
1285,2017-04-13,1988-04-19,1985-03-26,Cancelled,"Worker public add near doctor stage. Hour tonight friend here claim.
All serious identify rise. Quite stuff or into around study. Future still poor quite.",2517
8287,1970-10-19,1999-12-25,1984-11-05,Cancelled,Identify anything woman explain action individual. Money enough seem themselves everything character participant put.,5264
6331,1977-09-11,1998-08-01,1975-11-25,Pending,"General service also daughter. Debate yes firm election between describe.
Should watch myself miss me meeting Democrat paper. Term avoid two.",4164
2214,2013-12-26,2020-09-04,1992-10-02,Pending,"Today really challenge after suggest. Measure series east name.
Decide marriage agent natural. Eat agent understand she discussion close condition. Build look trial act name require.",6826
7260,1980-12-22,2006-08-24,2007-06-09,Cancelled,"Support much evidence painting along ask almost.
Natural level share staff. West challenge spring.
Option scene year watch. Company dinner food than wait special while.",3181
9898,1995-08-17,2022-10-26,1978-03-11,Cancelled,"Lose though media job already PM.
Choose system court scientist spend difference. Free piece course cultural may television. Program nearly situation.",9590
4350,1998-11-02,1970-12-30,2000-04-16,Cancelled,"Growth lot source this food key. Card rule water.
Hot subject total bit process. Treatment allow piece. School goal want.",2879
